{"cameraMode":{"drawMode":0,"name":"Shaded","section":"Shading Mode"},"sceneLighting":true,"audioPlay":false,"sceneViewState":{"showFog":false,"showMaterialUpdate":false,"showSkybox":false,"showFlares":false,"showImageEffects":false,"showParticleSystems":false},"in2DMode":false,"pivot":{"x":518.192626953125,"y":5.123156547546387,"z":254.775634765625},"rotation":{"x":-0.0006008500349707902,"y":0.9993764162063599,"z":-0.021299540996551515,"w":-0.028188860043883325},"size":121.89418029785156,"orthographic":false}